{"_id":{"$oid":"5d3dd4e1a5c911fddeb94e45"},"id":"1155436180231426050","created_at":"Sun Jul 28 11:13:46 +0000 2019","text":"2019 🤝 2004 at Hockenheim 🤩\n\n@SchumacherMick paraded the Ferrari F2004 driven by his father, Michael, whilst wearing a celebratory half-and-half helmet\n\nMichael won the 2004 drivers' championship in this car, after 13 Grand Prix wins\n\n#GermanGP @ScuderiaFerrari https://t.co/SPV0ZTFrw3","source":"<a href=\"https://mobile.twitter.com\" rel=\"nofollow\">Twitter Web App</a>","user":{"id":"69008563","name":"Formula 1","screen_name":"F1","location":"Great Britain","verified":true,"followers_count":{"$numberInt":"4057726"},"statuses_count":{"$numberInt":"49492"}},"coordinates":null,"retweet":false}
{"_id":{"$oid":"5d3dd4f8a5c911fddeb9581c"},"id":"1155441093317681152","created_at":"Sun Jul 28 11:33:18 +0000 2019","text":"Expect the unexpected at the #GermanGP 🇩🇪\n\nRemember Jean Alesi's spectacular crash in 2000? 😮\n\nLess than two hours until we be racing again at Hockenheim ⏰\n\n#F1 https://t.co/xSLZJEKzkg","source":"<a href=\"https://studio.twitter.com\" rel=\"nofollow\">Twitter Media Studio</a>","user":{"id":"69008563","name":"Formula 1","screen_name":"F1","location":"Great Britain","verified":true,"followers_count":{"$numberInt":"4057615"},"statuses_count":{"$numberInt":"49493"}},"coordinates":null,"retweet":false}
{"_id":{"$oid":"5d3dd515a5c911fddeb96b92"},"id":"1155449601316544512","created_at":"Sun Jul 28 12:07:06 +0000 2019","text":"An incredible reaction from the Hockenheim crowd after @SchumacherMick completes some laps in his father Michael's Ferrari F2004 😍\n\n#F1 #GermanGP @ScuderiaFerrari https://t.co/h0rWKXqGSY","source":"<a href=\"https://studio.twitter.com\" rel=\"nofollow\">Twitter Media Studio</a>","user":{"id":"69008563","name":"Formula 1","screen_name":"F1","location":"Great Britain","verified":true,"followers_count":{"$numberInt":"4057710"},"statuses_count":{"$numberInt":"49494"}},"coordinates":null,"retweet":false}
{"_id":{"$oid":"5d3dd522a5c911fddeb970cc"},"id":"1155451531619164160","created_at":"Sun Jul 28 12:14:47 +0000 2019","text":"ONE HOUR TO GO \n\nLights out in an hour at Hockenheim, and a quick update on the shape of the grid\n\n@LandoNorris will be starting on the back row, alongside Sebastian Vettel \n\n#F1 #GermanGP 🇩🇪 https://t.co/iBZNnW8t4T","source":"<a href=\"https://mobile.twitter.com\" rel=\"nofollow\">Twitter Web App</a>","user":{"id":"69008563","name":"Formula 1","screen_name":"F1","location":"Great Britain","verified":true,"followers_count":{"$numberInt":"4057750"},"statuses_count":{"$numberInt":"49495"}},"coordinates":null,"retweet":false}
{"_id":{"$oid":"5d3dd53ea5c911fddeb9766a"},"id":"1155453418745540608","created_at":"Sun Jul 28 12:22:16 +0000 2019","text":"STARTING GRID: GERMAN GP\n\nHere's how the front of the grid is set for Sunday's German Grand Prix, with under an hour to go 👀\n\nThere is plenty of rain in the air at Hockenheim ☔️\n\nWho is your pick for a surprise podium finish? \n\n#F1 #GermanGP 🇩🇪 https://t.co/xFQbbtt2u4","source":"<a href=\"https://mobile.twitter.com\" rel=\"nofollow\">Twitter Web App</a>","user":{"id":"69008563","name":"Formula 1","screen_name":"F1","location":"Great Britain","verified":true,"followers_count":{"$numberInt":"4057779"},"statuses_count":{"$numberInt":"49496"}},"coordinates":null,"retweet":false}
{"_id":{"$oid":"5d3dd61ca5c911fddeb9a3d5"},"id":"1155462582242873344","created_at":"Sun Jul 28 12:58:41 +0000 2019","text":"15 MINS TO LIGHTS OUT ⏰\n\nThe preliminaries have been dominated by one thing at Hockenheim - rain! ☔️\n\n#GermanGP 🇩🇪 #F1 https://t.co/rn6WgFHTs3","source":"<a href=\"https://mobile.twitter.com\" rel=\"nofollow\">Twitter Web App</a>","user":{"id":"69008563","name":"Formula 1","screen_name":"F1","location":"Great Britain","verified":true,"followers_count":{"$numberInt":"4057985"},"statuses_count":{"$numberInt":"49497"}},"coordinates":null,"retweet":false}
{"_id":{"$oid":"5d3dd622a5c911fddeb9a716"},"id":"1155463025861828608","created_at":"Sun Jul 28 13:00:27 +0000 2019","text":"It's gonna be wet ☔️\n\nAnd in F1, wet usually means wild 🤪\n\n#F1 #GermanGP 🇩🇪 https://t.co/rFrFBw2Wp4","source":"<a href=\"https://mobile.twitter.com\" rel=\"nofollow\">Twitter Web App</a>","user":{"id":"69008563","name":"Formula 1","screen_name":"F1","location":"Great Britain","verified":true,"followers_count":{"$numberInt":"4057996"},"statuses_count":{"$numberInt":"49498"}},"coordinates":null,"retweet":false}
{"_id":{"$oid":"5d3dd672a5c911fddeb9bbb6"},"id":"1155464858776850432","created_at":"Sun Jul 28 13:07:44 +0000 2019","text":"On pole and in the zone 👀\n\n#F1 #GermanGP 🇩🇪 @LewisHamilton https://t.co/ypxpCdHESf","source":"<a href=\"https://mobile.twitter.com\" rel=\"nofollow\">Twitter Web App</a>","user":{"id":"69008563","name":"Formula 1","screen_name":"F1","location":"Great Britain","verified":true,"followers_count":{"$numberInt":"4058087"},"statuses_count":{"$numberInt":"49499"}},"coordinates":null,"retweet":false}
{"_id":{"$oid":"5d3dd693a5c911fddeb9c9ff"},"id":"1155466066866442241","created_at":"Sun Jul 28 13:12:32 +0000 2019","text":"FORMATION LAP 👀\n\nIt's almost time\n\nThe #GermanGP will start behind the Safety Car due to the wet conditions at Hockenheim\n\n#F1 🇩🇪 https://t.co/CCrZKdQBbI","source":"<a href=\"https://mobile.twitter.com\" rel=\"nofollow\">Twitter Web App</a>","user":{"id":"69008563","name":"Formula 1","screen_name":"F1","location":"Great Britain","verified":true,"followers_count":{"$numberInt":"4058144"},"statuses_count":{"$numberInt":"49500"}},"coordinates":null,"retweet":false}
{"_id":{"$oid":"5d3dd6bba5c911fddeb9e1e8"},"id":"1155467561171075078","created_at":"Sun Jul 28 13:18:28 +0000 2019","text":"Onbaord with @Max33Verstappen as the formation laps continue \n\nWe have had confirmation that a regular, standing start will follow shortly!\n\n#GermanGP #F1 🇩🇪 https://t.co/efS3UnCXHR","source":"<a href=\"https://mobile.twitter.com\" rel=\"nofollow\">Twitter Web App</a>","user":{"id":"69008563","name":"Formula 1","screen_name":"F1","location":"Great Britain","verified":true,"followers_count":{"$numberInt":"4058256"},"statuses_count":{"$numberInt":"49501"}},"coordinates":null,"retweet":false}
{"_id":{"$oid":"5d3dd6bfa5c911fddeb9e8d0"},"id":"1155467833549185024","created_at":"Sun Jul 28 13:19:33 +0000 2019","text":"We're down there somewhere 👀 😮 ☔️\n\n#GermanGP 🇩🇪 #F1 https://t.co/vNNY8LXRwJ","source":"<a href=\"https://mobile.twitter.com\" rel=\"nofollow\">Twitter Web App</a>","user":{"id":"69008563","name":"Formula 1","screen_name":"F1","location":"Great Britain","verified":true,"followers_count":{"$numberInt":"4058281"},"statuses_count":{"$numberInt":"49502"}},"coordinates":null,"retweet":false}
{"_id":{"$oid":"5d3dd6d2a5c911fddeb9f443"},"id":"1155468581381054464","created_at":"Sun Jul 28 13:22:32 +0000 2019","text":"LIGHTS OUT!\n\nThe German Grand Prix is under way\n\nRaikkonen up to P3 early on\n\nVettel up to P14 early on\n\n#GermanGP #F1 🇩🇪 https://t.co/7lu7uryumt","source":"<a href=\"https://mobile.twitter.com\" rel=\"nofollow\">Twitter Web App</a>","user":{"id":"69008563","name":"Formula 1","screen_name":"F1","location":"Great Britain","verified":true,"followers_count":{"$numberInt":"4058320"},"statuses_count":{"$numberInt":"49503"}},"coordinates":null,"retweet":false}
{"_id":{"$oid":"5d3dd6eea5c911fddeb9fd94"},"id":"1155469146232107009","created_at":"Sun Jul 28 13:24:46 +0000 2019","text":"LAP 3/64\n\nSAFETY CAR DEPLOYED\n\nSergio Perez is out after colliding with the wall 💥\n\nMultiple cars returning to the pits for intermediate tyres\n\n#F1 #GermanGP 🇩🇪 https://t.co/doibw77DbH","source":"<a href=\"https://mobile.twitter.com\" rel=\"nofollow\">Twitter Web App</a>","user":{"id":"69008563","name":"Formula 1","screen_name":"F1","location":"Great Britain","verified":true,"followers_count":{"$numberInt":"4058344"},"statuses_count":{"$numberInt":"49504"}},"coordinates":null,"retweet":false}
{"_id":{"$oid":"5d3dd708a5c911fddeba0b8f"},"id":"1155470193570865153","created_at":"Sun Jul 28 13:28:56 +0000 2019","text":"LAP 5/64\n\nThat's Kevin Magnussen up in P2 behind the Safety Car\n\nHe elected not to pit for fresh tyres \n\n#F1 #GermanGP 🇩🇪 https://t.co/AQXGvDLxsg","source":"<a href=\"https://mobile.twitter.com\" rel=\"nofollow\">Twitter Web App</a>","user":{"id":"69008563","name":"Formula 1","screen_name":"F1","location":"Great Britain","verified":true,"followers_count":{"$numberInt":"4058399"},"statuses_count":{"$numberInt":"49505"}},"coordinates":null,"retweet":false}
{"_id":{"$oid":"5d3dd70aa5c911fddeba0e92"},"id":"1155470510345596928","created_at":"Sun Jul 28 13:30:11 +0000 2019","text":"Lights out from amid the rain clouds 👀 ☔️\n\n#GermanGP 🇩🇪 #F1 https://t.co/tqINU1kB3f","source":"<a href=\"https://mobile.twitter.com\" rel=\"nofollow\">Twitter Web App</a>","user":{"id":"69008563","name":"Formula 1","screen_name":"F1","location":"Great Britain","verified":true,"followers_count":{"$numberInt":"4058416"},"statuses_count":{"$numberInt":"49506"}},"coordinates":null,"retweet":false}
{"_id":{"$oid":"5d3dd724a5c911fddeba13e0"},"id":"1155471059468111872","created_at":"Sun Jul 28 13:32:22 +0000 2019","text":"LAP 7/64\n\nSafety car is now in and we're racing again\n\n1 HAM\n2 BOT\n3 VER\n4 LEC\n5 HUL\n6 MAG\n7 RAI\n8 VET\n\n#F1 #GermanGP 🇩🇪 https://t.co/lgWHzylfAp","source":"<a href=\"https://mobile.twitter.com\" rel=\"nofollow\">Twitter Web App</a>","user":{"id":"69008563","name":"Formula 1","screen_name":"F1","location":"Great Britain","verified":true,"followers_count":{"$numberInt":"4058444"},"statuses_count":{"$numberInt":"49508"}},"coordinates":null,"retweet":false}
{"_id":{"$oid":"5d3dd745a5c911fddeba1ff1"},"id":"1155472229993463808","created_at":"Sun Jul 28 13:37:01 +0000 2019","text":"LAP CHART: LAP 8/64\n\n@LewisHamilton 😎\n\nEveryone else 😵\n\n#GermanGP 🇩🇪 #F1 https://t.co/PyVtkL0ftA","source":"<a href=\"https://mobile.twitter.com\" rel=\"nofollow\">Twitter Web App</a>","user":{"id":"69008563","name":"Formula 1","screen_name":"F1","location":"Great Britain","verified":true,"followers_count":{"$numberInt":"4058510"},"statuses_count":{"$numberInt":"49509"}},"coordinates":null,"retweet":false}
{"_id":{"$oid":"5d3dd75ba5c911fddeba2a39"},"id":"1155473263025446912","created_at":"Sun Jul 28 13:41:08 +0000 2019","text":"LAP 13/64\n\nExcellent start from Charles Leclerc, who is now P4 after starting P10\n\nIt's still a little bit slippy out there though 👀\n\n#GermanGP 🇩🇪 #F1 https://t.co/DxR99uEzck","source":"<a href=\"https://mobile.twitter.com\" rel=\"nofollow\">Twitter Web App</a>","user":{"id":"69008563","name":"Formula 1","screen_name":"F1","location":"Great Britain","verified":true,"followers_count":{"$numberInt":"4058562"},"statuses_count":{"$numberInt":"49510"}},"coordinates":null,"retweet":false}
{"_id":{"$oid":"5d3dd76fa5c911fddeba36e0"},"id":"1155474236242374656","created_at":"Sun Jul 28 13:45:00 +0000 2019","text":"LAP 15/64\n\nThat's not spray \n\nThat's smoke coming from @danielricciardo's car 😬\n\n#F1 #GermanGP 🇩🇪 https://t.co/fxpQnZjLGp","source":"<a href=\"https://mobile.twitter.com\" rel=\"nofollow\">Twitter Web App</a>","user":{"id":"69008563","name":"Formula 1","screen_name":"F1","location":"Great Britain","verified":true,"followers_count":{"$numberInt":"4058620"},"statuses_count":{"$numberInt":"49511"}},"coordinates":null,"retweet":false}
{"_id":{"$oid":"5d3dd778a5c911fddeba3b8e"},"id":"1155474536344760322","created_at":"Sun Jul 28 13:46:11 +0000 2019","text":"LAP 16/64\n\nAnd Ricciardo's race is over as his Renault comes to a halt\n\n#GermanGP #F1 🇩🇪 https://t.co/K4lUiEg7am","source":"<a href=\"https://mobile.twitter.com\" rel=\"nofollow\">Twitter Web App</a>","user":{"id":"69008563","name":"Formula 1","screen_name":"F1","location":"Great Britain","verified":true,"followers_count":{"$numberInt":"4058637"},"statuses_count":{"$numberInt":"49512"}},"coordinates":null,"retweet":false}
{"_id":{"$oid":"5d3dd78da5c911fddeba461c"},"id":"1155475447498575872","created_at":"Sun Jul 28 13:49:49 +0000 2019","text":"LAP 17/64\n\nMax Verstappen has a good look at Valtteri Bottas 👀\n\nJust as he looks set to take P2, he loses grip in his Red Bull 😣\n\n#GermanGP 🇩🇪 #F1 https://t.co/1uzeq9lohS","source":"<a href=\"https://mobile.twitter.com\" rel=\"nofollow\">Twitter Web App</a>","user":{"id":"69008563","name":"Formula 1","screen_name":"F1","location":"Great Britain","verified":true,"followers_count":{"$numberInt":"4058697"},"statuses_count":{"$numberInt":"49513"}},"coordinates":null,"retweet":false}
{"_id":{"$oid":"5d3dd797a5c911fddeba4d61"},"id":"1155476194713903104","created_at":"Sun Jul 28 13:52:47 +0000 2019","text":"Watch the wet start at Hockenheim! 🌧️\n\nThe slippery surface is proving challenging &gt;&gt; https://t.co/ABihc5T8E1\n\n#GermanGP 🇩🇪 #F1 https://t.co/tIz5a3CPlx","source":"<a href=\"https://mobile.twitter.com\" rel=\"nofollow\">Twitter Web App</a>","user":{"id":"69008563","name":"Formula 1","screen_name":"F1","location":"Great Britain","verified":true,"followers_count":{"$numberInt":"4058728"},"statuses_count":{"$numberInt":"49514"}},"coordinates":null,"retweet":false}
{"_id":{"$oid":"5d3dd798a5c911fddeba4ddc"},"id":"1155476252712681473","created_at":"Sun Jul 28 13:53:01 +0000 2019","text":"LAP 19/64\n\nMore trouble out on track and this time it's Carlos Sainz\n\nHe goes for a slide around the final turn but just about keeps his McLaren away from the barriers\n\nHe emerges in P15 \n\n#F1 #GermanGP 🇩🇪 https://t.co/FK9CwzlVzI","source":"<a href=\"https://mobile.twitter.com\" rel=\"nofollow\">Twitter Web App</a>","user":{"id":"69008563","name":"Formula 1","screen_name":"F1","location":"Great Britain","verified":true,"followers_count":{"$numberInt":"4058732"},"statuses_count":{"$numberInt":"49515"}},"coordinates":null,"retweet":false}
{"_id":{"$oid":"5d3dd7aca5c911fddeba522c"},"id":"1155476746856292353","created_at":"Sun Jul 28 13:54:58 +0000 2019","text":"LAP 22/64\n\nIT'S RAINING IN THE PIT LANE ☔️\n\n#F1 #GermanGP 🇩🇪","source":"<a href=\"https://mobile.twitter.com\" rel=\"nofollow\">Twitter Web App</a>","user":{"id":"69008563","name":"Formula 1","screen_name":"F1","location":"Great Britain","verified":true,"followers_count":{"$numberInt":"4058768"},"statuses_count":{"$numberInt":"49516"}},"coordinates":null,"retweet":false}
{"_id":{"$oid":"5d3dd7d7a5c911fddeba5bce"},"id":"1155477662154002432","created_at":"Sun Jul 28 13:58:37 +0000 2019","text":"LAP 24/64\n\nThose are slicks 😮\n\n@KevinMagnussen @HaasF1Team \n\n#F1 #GermanGP 🇩🇪 https://t.co/aiRFBRlUVl","source":"<a href=\"https://mobile.twitter.com\" rel=\"nofollow\">Twitter Web App</a>","user":{"id":"69008563","name":"Formula 1","screen_name":"F1","location":"Great Britain","verified":true,"followers_count":{"$numberInt":"4058830"},"statuses_count":{"$numberInt":"49517"}},"coordinates":null,"retweet":false}
{"_id":{"$oid":"5d3dd7e3a5c911fddeba60ce"},"id":"1155478160647102464","created_at":"Sun Jul 28 14:00:35 +0000 2019","text":"@KevinMagnussen @HaasF1Team LAP 25/64\n\nVettel also now on slicks as he stops for a set of softs\n\nSome teams and drivers reporting drops of rain in the air at Hockenheim\n\n#F1 #GermanGP 🇩🇪","source":"<a href=\"https://mobile.twitter.com\" rel=\"nofollow\">Twitter Web App</a>","user":{"id":"69008563","name":"Formula 1","screen_name":"F1","location":"Great Britain","verified":true,"followers_count":{"$numberInt":"4058863"},"statuses_count":{"$numberInt":"49518"}},"coordinates":null,"retweet":false}
{"_id":{"$oid":"5d3dd7f6a5c911fddeba6ddb"},"id":"1155479318254039040","created_at":"Sun Jul 28 14:05:11 +0000 2019","text":"LAP 27/64\n\nDrama in the pit lane as Albon almost slides into Norris after both drivers stop for fresh tyres 🙈\n\n#F1 #GermanGP 🇩🇪 https://t.co/r3pFjnJPTa","source":"<a href=\"https://mobile.twitter.com\" rel=\"nofollow\">Twitter Web App</a>","user":{"id":"69008563","name":"Formula 1","screen_name":"F1","location":"Great Britain","verified":true,"followers_count":{"$numberInt":"4058917"},"statuses_count":{"$numberInt":"49519"}},"coordinates":null,"retweet":false}
{"_id":{"$oid":"5d3dd801a5c911fddeba7b8c"},"id":"1155479936116961281","created_at":"Sun Jul 28 14:07:39 +0000 2019","text":"LAP 28/64\n\nNorris = OUT\n\nHe reports a loss of power and his race is over\n\n#F1 #GermanGP 🇩🇪 https://t.co/29CfhU9SVV","source":"<a href=\"https://mobile.twitter.com\" rel=\"nofollow\">Twitter Web App</a>","user":{"id":"69008563","name":"Formula 1","screen_name":"F1","location":"Great Britain","verified":true,"followers_count":{"$numberInt":"4058946"},"statuses_count":{"$numberInt":"49520"}},"coordinates":null,"retweet":false}
{"_id":{"$oid":"5d3dd819a5c911fddeba9359"},"id":"1155480540214177793","created_at":"Sun Jul 28 14:10:03 +0000 2019","text":"LAP 29/64\n\nMinutes after stopping for a set of slicks, Charles Leclerc's race is over\n\nHe crashes into the barriers and the Safety Car comes out\n\nHuge drama here at Hockenheim\n\n#GermanGP #F1 🇩🇪 https://t.co/WFRXAx2utN","source":"<a href=\"https://mobile.twitter.com\" rel=\"nofollow\">Twitter Web App</a>","user":{"id":"69008563","name":"Formula 1","screen_name":"F1","location":"Great Britain","verified":true,"followers_count":{"$numberInt":"4058974"},"statuses_count":{"$numberInt":"49521"}},"coordinates":null,"retweet":false}
{"_id":{"$oid":"5d3dda21a5c911fddebaae81"},"id":"1155481207246864385","created_at":"Sun Jul 28 14:12:42 +0000 2019","text":"LAP 30/64\n\nAnd now it's race leader Lewis Hamilton's turn to find trouble\n\nHe spins off close to the pit lane entrance and loses some of his front wing 👀\n\nA lengthy pit stop sees him re-emerge down in P5\n\nThe Safety Car is still out \n\n#GermanGP 🇩🇪 #F1 https://t.co/ksPGzJe8mz","source":"<a href=\"https://mobile.twitter.com\" rel=\"nofollow\">Twitter Web App</a>","user":{"id":"69008563","name":"Formula 1","screen_name":"F1","location":"Great Britain","verified":true,"followers_count":{"$numberInt":"4059035"},"statuses_count":{"$numberInt":"49522"}},"coordinates":null,"retweet":false}
{"_id":{"$oid":"5d3ddaa5a5c911fddebadbd8"},"id":"1155482580722036737","created_at":"Sun Jul 28 14:18:09 +0000 2019","text":"LAP 34/64\n\nGREEN LIGHT - Safety Car in, and we're racing again 👀\n\n1 VER\n2 HUL\n3 BOT\n4 ALB\n5 HAM\n6 SAI\n7 RAI\n8 VET\n\n#F1 #GermanGP 🇩🇪 https://t.co/PrCXucpnpS","source":"<a href=\"https://mobile.twitter.com\" rel=\"nofollow\">Twitter Web App</a>","user":{"id":"69008563","name":"Formula 1","screen_name":"F1","location":"Great Britain","verified":true,"followers_count":{"$numberInt":"4059196"},"statuses_count":{"$numberInt":"49523"}},"coordinates":null,"retweet":false}
{"_id":{"$oid":"5d3ddab9a5c911fddebae850"},"id":"1155483053806051329","created_at":"Sun Jul 28 14:20:02 +0000 2019","text":"BREAKING: Five-second time penalty for Lewis Hamilton for entering the pit lane on the wrong side of the bollard\n\n#F1 #GermanGP 🇩🇪 https://t.co/zCHZdoPE7Y","source":"<a href=\"https://mobile.twitter.com\" rel=\"nofollow\">Twitter Web App</a>","user":{"id":"69008563","name":"Formula 1","screen_name":"F1","location":"Great Britain","verified":true,"followers_count":{"$numberInt":"4059265"},"statuses_count":{"$numberInt":"49524"}},"coordinates":null,"retweet":false}
{"_id":{"$oid":"5d3ddb20a5c911fddebaff03"},"id":"1155484197001338881","created_at":"Sun Jul 28 14:24:35 +0000 2019","text":"LAP 37/64\n\nHamilton now up to P4 after passing Albon 👀\n\nHow costly will his five-second time penalty prove to be?\n\n#F1 #GermanGP 🇩🇪 https://t.co/nAbScIxeH2","source":"<a href=\"https://mobile.twitter.com\" rel=\"nofollow\">Twitter Web App</a>","user":{"id":"69008563","name":"Formula 1","screen_name":"F1","location":"Great Britain","verified":true,"followers_count":{"$numberInt":"4059403"},"statuses_count":{"$numberInt":"49525"}},"coordinates":null,"retweet":false}
{"_id":{"$oid":"5d3ddb25a5c911fddebb0308"},"id":"1155484481819762689","created_at":"Sun Jul 28 14:25:42 +0000 2019","text":"Make that P3\n\nHe's past Hulkenberg and sets off to chase down Bottas in P2 \n\n#F1 #GermanGP 🇩🇪 https://t.co/4KKKyQEoqs","source":"<a href=\"https://mobile.twitter.com\" rel=\"nofollow\">Twitter Web App</a>","user":{"id":"69008563","name":"Formula 1","screen_name":"F1","location":"Great Britain","verified":true,"followers_count":{"$numberInt":"4059435"},"statuses_count":{"$numberInt":"49526"}},"coordinates":null,"retweet":false}
{"_id":{"$oid":"5d3ddb28a5c911fddebb06ed"},"id":"1155484783838937089","created_at":"Sun Jul 28 14:26:54 +0000 2019","text":"👀 ☔️ 🤔\n\n#F1 #GermanGP 🇩🇪 https://t.co/jzd3uTDyg0","source":"<a href=\"https://mobile.twitter.com\" rel=\"nofollow\">Twitter Web App</a>","user":{"id":"69008563","name":"Formula 1","screen_name":"F1","location":"Great Britain","verified":true,"followers_count":{"$numberInt":"4059471"},"statuses_count":{"$numberInt":"49527"}},"coordinates":null,"retweet":false}
{"_id":{"$oid":"5d3ddb3aa5c911fddebb1b15"},"id":"1155485569784459266","created_at":"Sun Jul 28 14:30:02 +0000 2019","text":"LAP 40/64\n\nHeartbreak for @HulkHulkenberg as he crashes into the barriers and can't recover 💔\n\nWith a first F1 podium in sight, his race is over\n\n#F1 #GermanGP 🇩🇪 https://t.co/cS8IybB7sT","source":"<a href=\"https://mobile.twitter.com\" rel=\"nofollow\">Twitter Web App</a>","user":{"id":"69008563","name":"Formula 1","screen_name":"F1","location":"Great Britain","verified":true,"followers_count":{"$numberInt":"4059545"},"statuses_count":{"$numberInt":"49528"}},"coordinates":null,"retweet":false}
{"_id":{"$oid":"5d3ddb4aa5c911fddebb32e3"},"id":"1155486647296942081","created_at":"Sun Jul 28 14:34:19 +0000 2019","text":"Devastated 💔\n\n#F1 #GermanGP 🇩🇪 @HulkHulkenberg https://t.co/W6vlV3pSca","source":"<a href=\"https://mobile.twitter.com\" rel=\"nofollow\">Twitter Web App</a>","user":{"id":"69008563","name":"Formula 1","screen_name":"F1","location":"Great Britain","verified":true,"followers_count":{"$numberInt":"4059674"},"statuses_count":{"$numberInt":"49529"}},"coordinates":null,"retweet":false}
{"_id":{"$oid":"5d3ddb95a5c911fddebb4498"},"id":"1155487609570910208","created_at":"Sun Jul 28 14:38:08 +0000 2019","text":"Who is your F1 Driver Of The Day from this wet and wild #GermanGP?\n\nThe vote is open NOW 🗳️ ⬇️\n\n&gt;&gt; https://t.co/6AdLwKrN75 \n\n#F1 🇩🇪 #F1DriverOfTheDay https://t.co/E1aMCKb16h","source":"<a href=\"https://mobile.twitter.com\" rel=\"nofollow\">Twitter Web App</a>","user":{"id":"69008563","name":"Formula 1","screen_name":"F1","location":"Great Britain","verified":true,"followers_count":{"$numberInt":"4059804"},"statuses_count":{"$numberInt":"49530"}},"coordinates":null,"retweet":false}
{"_id":{"$oid":"5d3ddb96a5c911fddebb4734"},"id":"1155487824751337473","created_at":"Sun Jul 28 14:39:00 +0000 2019","text":"LAP 46/64\n\nSafety Car = IN\n\n#F1 #GermanGP 🇩🇪 https://t.co/W3SccnE3Nw","source":"<a href=\"https://mobile.twitter.com\" rel=\"nofollow\">Twitter Web App</a>","user":{"id":"69008563","name":"Formula 1","screen_name":"F1","location":"Great Britain","verified":true,"followers_count":{"$numberInt":"4059827"},"statuses_count":{"$numberInt":"49531"}},"coordinates":null,"retweet":false}
{"_id":{"$oid":"5d3ddb9ba5c911fddebb4d3e"},"id":"1155488189899005956","created_at":"Sun Jul 28 14:40:27 +0000 2019","text":"LAP 46/64: GAINS AND LOSSES 👀\n\n@alex_albon though 😮\n\n#F1 #GermanGP 🇩🇪 https://t.co/MjYUU2kZFA","source":"<a href=\"https://mobile.twitter.com\" rel=\"nofollow\">Twitter Web App</a>","user":{"id":"69008563","name":"Formula 1","screen_name":"F1","location":"Great Britain","verified":true,"followers_count":{"$numberInt":"4059854"},"statuses_count":{"$numberInt":"49532"}},"coordinates":null,"retweet":false}
{"_id":{"$oid":"5d3ddbbca5c911fddebb734e"},"id":"1155489608446201856","created_at":"Sun Jul 28 14:46:05 +0000 2019","text":"13 LAPS TO GO\n\n1 VER\n2 KVY 📸\n3 STR 📸\n4 BOT\n5 SAI\n7 ALB\n8 GAS\n\nWOW\n\n#F1 #GermanGP 🇩🇪 https://t.co/SQYMGKcxu6","source":"<a href=\"https://mobile.twitter.com\" rel=\"nofollow\">Twitter Web App</a>","user":{"id":"69008563","name":"Formula 1","screen_name":"F1","location":"Great Britain","verified":true,"followers_count":{"$numberInt":"4060015"},"statuses_count":{"$numberInt":"49533"}},"coordinates":null,"retweet":false}
{"_id":{"$oid":"5d3ddbf3a5c911fddebb9112"},"id":"1155490749745717248","created_at":"Sun Jul 28 14:50:37 +0000 2019","text":"LAP 54/64\n\nAnother spin for Lewis Hamilton and more dicing with the barriers 😣\n\nHe manages to hold on but is currently down in P15\n\n#GermanGP 🇩🇪 #F1 https://t.co/omMMElUIqM","source":"<a href=\"https://mobile.twitter.com\" rel=\"nofollow\">Twitter Web App</a>","user":{"id":"69008563","name":"Formula 1","screen_name":"F1","location":"Great Britain","verified":true,"followers_count":{"$numberInt":"4060130"},"statuses_count":{"$numberInt":"49534"}},"coordinates":null,"retweet":false}
{"_id":{"$oid":"5d3ddc14a5c911fddebbb843"},"id":"1155491815560220674","created_at":"Sun Jul 28 14:54:51 +0000 2019","text":"LAP 56/64\n\nThe two Haas cars come together as they battle for a points finish 🙈\n\nNo damage seemingly done, with Romain Grosjean getting the better of the tussle\n\n#F1 #GermanGP 🇩🇪 https://t.co/8Uv5kLEaz2","source":"<a href=\"https://mobile.twitter.com\" rel=\"nofollow\">Twitter Web App</a>","user":{"id":"69008563","name":"Formula 1","screen_name":"F1","location":"Great Britain","verified":true,"followers_count":{"$numberInt":"4060244"},"statuses_count":{"$numberInt":"49535"}},"coordinates":null,"retweet":false}
{"_id":{"$oid":"5d3ddc32a5c911fddebbd4fe"},"id":"1155492416432029696","created_at":"Sun Jul 28 14:57:14 +0000 2019","text":"LAP 57/64: SAFETY CAR\n\nThe race goes from bad to worse for Mercedes 👀\n\nValtteri Bottas' race is over as pushes beyond the limit in the race for the final podium place 💥\n\nLewis Hamilton is down in P14\n\n#F1 #GermanGP 🇩🇪 https://t.co/NYu9T6MNrA","source":"<a href=\"https://mobile.twitter.com\" rel=\"nofollow\">Twitter Web App</a>","user":{"id":"69008563","name":"Formula 1","screen_name":"F1","location":"Great Britain","verified":true,"followers_count":{"$numberInt":"4060349"},"statuses_count":{"$numberInt":"49536"}},"coordinates":null,"retweet":false}
{"_id":{"$oid":"5d3ddd22a5c911fddebbf4cb"},"id":"1155493373144440833","created_at":"Sun Jul 28 15:01:02 +0000 2019","text":"LAP 60/64\n\nSafety Car in (again)\n\nWe're racing (again)\n\nWhat an afternoon in Germany\n\nAnd it's not quite over yet!\n\n#GermanGP 🇩🇪 #F1 https://t.co/C9xuhlLiLB","source":"<a href=\"https://mobile.twitter.com\" rel=\"nofollow\">Twitter Web App</a>","user":{"id":"69008563","name":"Formula 1","screen_name":"F1","location":"Great Britain","verified":true,"followers_count":{"$numberInt":"4060493"},"statuses_count":{"$numberInt":"49537"}},"coordinates":null,"retweet":false}
{"_id":{"$oid":"5d3ddd30a5c911fddebc07c6"},"id":"1155494053603172358","created_at":"Sun Jul 28 15:03:45 +0000 2019","text":"LAP 63/64\n\nVettel passes Stroll to take P3\n\nSeconds later Vettel passes Kvyat to take P2\n\nReminder: he started from P20 😮\n\n#F1 #GermanGP 🇩🇪 https://t.co/gez3Mvqml3","source":"<a href=\"https://mobile.twitter.com\" rel=\"nofollow\">Twitter Web App</a>","user":{"id":"69008563","name":"Formula 1","screen_name":"F1","location":"Great Britain","verified":true,"followers_count":{"$numberInt":"4060565"},"statuses_count":{"$numberInt":"49538"}},"coordinates":null,"retweet":false}
{"_id":{"$oid":"5d3dde91a5c911fddebc7ccf"},"id":"1155496501289861121","created_at":"Sun Jul 28 15:13:28 +0000 2019","text":"VET: \"I'm just happy. I think before the last safety car I realised I was quite a bit faster, and I had some good moves on the back straight. It was about getting the next car, and the next car, and the next car\"\n\n#GermanGP 🇩🇪 #F1 https://t.co/bN5xQ5gsA6","source":"<a href=\"https://mobile.twitter.com\" rel=\"nofollow\">Twitter Web App</a>","user":{"id":"69008563","name":"Formula 1","screen_name":"F1","location":"Great Britain","verified":true,"followers_count":{"$numberInt":"4060969"},"statuses_count":{"$numberInt":"49541"}},"coordinates":null,"retweet":false}
{"_id":{"$oid":"5d3dde99a5c911fddebc8169"},"id":"1155496606290120706","created_at":"Sun Jul 28 15:13:53 +0000 2019","text":"KVY: \"It's amazing to be back on the podium. And to bring one back for the team after so many years is special. It was a horror movie with a bit of black comedy out there!\"\n\n#F1 #GermanGP https://t.co/DvIivcctpp","source":"<a href=\"https://mobile.twitter.com\" rel=\"nofollow\">Twitter Web App</a>","user":{"id":"69008563","name":"Formula 1","screen_name":"F1","location":"Great Britain","verified":true,"followers_count":{"$numberInt":"4060987"},"statuses_count":{"$numberInt":"49542"}},"coordinates":null,"retweet":false}
{"_id":{"$oid":"5d3ddf34a5c911fddebcc890"},"id":"1155498418216849411","created_at":"Sun Jul 28 15:21:05 +0000 2019","text":"Confirmation of the final positions from an unforgettable race at Hockenheim ⏱️\n\n#GermanGP #F1 🇩🇪 https://t.co/ea8y1zqGE3","source":"<a href=\"https://mobile.twitter.com\" rel=\"nofollow\">Twitter Web App</a>","user":{"id":"69008563","name":"Formula 1","screen_name":"F1","location":"Great Britain","verified":true,"followers_count":{"$numberInt":"4061423"},"statuses_count":{"$numberInt":"49542"}},"coordinates":null,"retweet":false}
{"_id":{"$oid":"5d3ddf5da5c911fddebcdb3e"},"id":"1155498934728572930","created_at":"Sun Jul 28 15:23:08 +0000 2019","text":"Race win AND your F1 Driver of the Day 🙌\n\nWhat an afternoon at Hockenheim for @Max33Verstappen 🏆\n\n#GermanGP 🇩🇪 #F1DriverOfTheDay https://t.co/LP0x6yR5oC","source":"<a href=\"https://mobile.twitter.com\" rel=\"nofollow\">Twitter Web App</a>","user":{"id":"69008563","name":"Formula 1","screen_name":"F1","location":"Great Britain","verified":true,"followers_count":{"$numberInt":"4061525"},"statuses_count":{"$numberInt":"49543"}},"coordinates":null,"retweet":false}
{"_id":{"$oid":"5d3ddf9ca5c911fddebcf5ca"},"id":"1155499672531820544","created_at":"Sun Jul 28 15:26:04 +0000 2019","text":"SEVENTH HEAVEN 🏆\n\nCareer win number seven in F1 for @Max33Verstappen \n\n#F1 #GermanGP 🇩🇪 https://t.co/du63yuu8U3","source":"<a href=\"https://mobile.twitter.com\" rel=\"nofollow\">Twitter Web App</a>","user":{"id":"69008563","name":"Formula 1","screen_name":"F1","location":"Great Britain","verified":true,"followers_count":{"$numberInt":"4061629"},"statuses_count":{"$numberInt":"49544"}},"coordinates":null,"retweet":false}
{"_id":{"$oid":"5d3ddfd9a5c911fddebd042b"},"id":"1155500073553399808","created_at":"Sun Jul 28 15:27:40 +0000 2019","text":"That race. WOW 🙌\n\n- Verstappen wins 🏆\n- Vettel comes from 20th to 2nd 💪\n- Kvyat third 🤯\n\nYep, that really all just happened!\n\nAn all-time classic - and we're LIVE to relive it all...\n\n#F1 #GermanGP #F1Live https://t.co/RBFxeU5KQM","source":"<a href=\"https://studio.twitter.com\" rel=\"nofollow\">Twitter Media Studio</a>","user":{"id":"69008563","name":"Formula 1","screen_name":"F1","location":"Great Britain","verified":true,"followers_count":{"$numberInt":"4061681"},"statuses_count":{"$numberInt":"49545"}},"coordinates":null,"retweet":false}
{"_id":{"$oid":"5d3de0fca5c911fddebd2cdd"},"id":"1155501464900575232","created_at":"Sun Jul 28 15:33:12 +0000 2019","text":"What. A. Race.\n\nGot your breath back yet? 😉\n\nFull report from Hockenheim as @Max33Verstappen wins one of the most dramatic Grands Prix in recent memory\n\n#F1 #GermanGP 🇩🇪 https://t.co/0pnbGCYOqu","source":"<a href=\"https://mobile.twitter.com\" rel=\"nofollow\">Twitter Web App</a>","user":{"id":"69008563","name":"Formula 1","screen_name":"F1","location":"Great Britain","verified":true,"followers_count":{"$numberInt":"4061883"},"statuses_count":{"$numberInt":"49546"}},"coordinates":null,"retweet":false}
{"_id":{"$oid":"5d3de203a5c911fddebd6d08"},"id":"1155504824638746626","created_at":"Sun Jul 28 15:46:33 +0000 2019","text":"What a moment for @Max33Verstappen 👀\n\nWinner of an unforgettable #GermanGP 👏\n\n#F1 🇩🇪 https://t.co/GmPE45Mqkv","source":"<a href=\"https://studio.twitter.com\" rel=\"nofollow\">Twitter Media Studio</a>","user":{"id":"69008563","name":"Formula 1","screen_name":"F1","location":"Great Britain","verified":true,"followers_count":{"$numberInt":"4062232"},"statuses_count":{"$numberInt":"49547"}},"coordinates":null,"retweet":false}
{"_id":{"$oid":"5d3de2a4a5c911fddebd92ec"},"id":"1155507548499435521","created_at":"Sun Jul 28 15:57:22 +0000 2019","text":"Masterclass in the wet from the winner (Verstappen)\n\nExtraordinary fightback from the runner-up (Vettel)\n\nTeam's second ever podium for the guy in P3 (Kvyat)\n\nNo wonder there were so many smiles on the Hockenheim podium 😁\n\n#F1 #GermanGP 🇩🇪 https://t.co/jGs9q5URqA","source":"<a href=\"https://studio.twitter.com\" rel=\"nofollow\">Twitter Media Studio</a>","user":{"id":"69008563","name":"Formula 1","screen_name":"F1","location":"Great Britain","verified":true,"followers_count":{"$numberInt":"4062463"},"statuses_count":{"$numberInt":"49548"}},"coordinates":null,"retweet":false}
{"_id":{"$oid":"5d3de377a5c911fddebdc187"},"id":"1155511803734122497","created_at":"Sun Jul 28 16:14:17 +0000 2019","text":"UPDATED DRIVER STANDINGS 🏆\n\nVerstappen and Vettel close the gap on Bottas in P2\n\nJust one more race to come before the 2019 summer break ☀️\n\n#F1 #GermanGP 🇩🇪 https://t.co/MB6WCww1O7","source":"<a href=\"https://mobile.twitter.com\" rel=\"nofollow\">Twitter Web App</a>","user":{"id":"69008563","name":"Formula 1","screen_name":"F1","location":"Great Britain","verified":true,"followers_count":{"$numberInt":"4062755"},"statuses_count":{"$numberInt":"49549"}},"coordinates":null,"retweet":false}
{"_id":{"$oid":"5d3de40da5c911fddebdec48"},"id":"1155516411940429832","created_at":"Sun Jul 28 16:32:35 +0000 2019","text":"DHL FASTEST LAP: GERMANY⏱️\n\n@Max33Verstappen adds the @DHL_Motorsports Fastest Lap Award to his race win\n\nAnd grabs the extra bonus point to make it 26 for the day 👊\n\n#F1 #GermanGP 🇩🇪 https://t.co/7SqNEfLmlE","source":"<a href=\"https://mobile.twitter.com\" rel=\"nofollow\">Twitter Web App</a>","user":{"id":"69008563","name":"Formula 1","screen_name":"F1","location":"Great Britain","verified":true,"followers_count":{"$numberInt":"4063028"},"statuses_count":{"$numberInt":"49550"}},"coordinates":null,"retweet":false}
{"_id":{"$oid":"5d3de43aa5c911fddebdfd9c"},"id":"1155518438124806144","created_at":"Sun Jul 28 16:40:38 +0000 2019","text":"RT @pirellisport: 78 pits.... 78!\n#Fit4F1 #GermanGP https://t.co/cbhuQXMvU2","source":"<a href=\"https://mobile.twitter.com\" rel=\"nofollow\">Twitter Web App</a>","user":{"id":"69008563","name":"Formula 1","screen_name":"F1","location":"Great Britain","verified":true,"followers_count":{"$numberInt":"4063130"},"statuses_count":{"$numberInt":"49551"}},"coordinates":null,"retweet":{"created_at":"Sun Jul 28 16:28:12 +0000 2019","id":"1155515308624556032","text":"78 pits.... 78!\n#Fit4F1 #GermanGP https://t.co/cbhuQXMvU2","user":{"name":"Pirelli Motorsport","screen_name":"pirellisport","location":null,"verified":true,"followers_count":{"$numberInt":"150412"},"statuses_count":{"$numberInt":"18384"}}}}
{"_id":{"$oid":"5d3de44ba5c911fddebe03b0"},"id":"1155519220286967808","created_at":"Sun Jul 28 16:43:45 +0000 2019","text":"Caught your breath yet? 😅\n\nRe-live an all-time CLASSIC race ⬇️\n\n#GermanGP 🇩🇪 #F1\n\nhttps://t.co/BeFc1ezTfu","source":"<a href=\"http://twitter.com\" rel=\"nofollow\">Twitter Web Client</a>","user":{"id":"69008563","name":"Formula 1","screen_name":"F1","location":"Great Britain","verified":true,"followers_count":{"$numberInt":"4063166"},"statuses_count":{"$numberInt":"49552"}},"coordinates":null,"retweet":false}
