{"_id":{"$oid":"5d3dd516a5c911fddeb96c1c"},"id":"1155449840198983680","created_at":"Sun Jul 28 12:08:03 +0000 2019","text":"RT @MercedesAMGF1: Do you know the legend of the Silver Arrows?\n\nThe night before the Eifelrennen race in 1934 the white paint of the W25 w…","source":"<a href=\"http://twitter.com/download/iphone\" rel=\"nofollow\">Twitter for iPhone</a>","user":{"id":"1143472657","name":"Valtteri Bottas","screen_name":"ValtteriBottas","location":"Around the World","verified":true,"followers_count":{"$numberInt":"506411"},"statuses_count":{"$numberInt":"4238"}},"coordinates":null,"retweet":{"created_at":"Sun Jul 28 11:45:15 +0000 2019","id":"1155444099476066304","text":"Do you know the legend of the Silver Arrows?\n\nThe night before the Eifelrennen race in 1934 the white paint of the W25 was removed to save weight.\n\nThe next day, Manfred von Brauchitsch - with the silver aluminium body of his W25 shining in the sun - took the win!\n\n#Motorsport125 https://t.co/qngHZMNkEC","user":{"name":"Mercedes-AMG F1","screen_name":"MercedesAMGF1","location":"Brackley, England","verified":true,"followers_count":{"$numberInt":"2360759"},"statuses_count":{"$numberInt":"99613"}}}}
{"_id":{"$oid":"5d3dd516a5c911fddeb96c31"},"id":"1155449860952379393","created_at":"Sun Jul 28 12:08:08 +0000 2019","text":"RT @MercedesAMGF1: And so the Silver Arrows legend was born!\n\nToday, we are proud to continue that legacy... 💪\n\n#Motorsport125 #GermanGP ht…","source":"<a href=\"http://twitter.com/download/iphone\" rel=\"nofollow\">Twitter for iPhone</a>","user":{"id":"1143472657","name":"Valtteri Bottas","screen_name":"ValtteriBottas","location":"Around the World","verified":true,"followers_count":{"$numberInt":"506411"},"statuses_count":{"$numberInt":"4239"}},"coordinates":null,"retweet":{"created_at":"Sun Jul 28 12:04:32 +0000 2019","id":"1155448954877816837","text":"And so the Silver Arrows legend was born!\n\nToday, we are proud to continue that legacy... 💪\n\n#Motorsport125 #GermanGP https://t.co/N8RvzKA0ss","user":{"name":"Mercedes-AMG F1","screen_name":"MercedesAMGF1","location":"Brackley, England","verified":true,"followers_count":{"$numberInt":"2360759"},"statuses_count":{"$numberInt":"99613"}}}}
{"_id":{"$oid":"5d3dd528a5c911fddeb97322"},"id":"1155452252309659648","created_at":"Sun Jul 28 12:17:38 +0000 2019","text":"RT @HaasF1Team: The perfect day for a convertible tour of the Hockenheimring 😆🌧\n\n#HaasF1 #GermanGP https://t.co/1gDxeliVcG","source":"<a href=\"http://twitter.com/download/iphone\" rel=\"nofollow\">Twitter for iPhone</a>","user":{"id":"68674747","name":"Romain Grosjean","screen_name":"RGrosjean","location":"All around the World !","verified":true,"followers_count":{"$numberInt":"838969"},"statuses_count":{"$numberInt":"4868"}},"coordinates":null,"retweet":{"created_at":"Sun Jul 28 11:51:45 +0000 2019","id":"1155445737682948097","text":"The perfect day for a convertible tour of the Hockenheimring 😆🌧\n\n#HaasF1 #GermanGP https://t.co/1gDxeliVcG","user":{"name":"Haas F1 Team","screen_name":"HaasF1Team","location":"Kannapolis, NC","verified":true,"followers_count":{"$numberInt":"318718"},"statuses_count":{"$numberInt":"16288"}}}}
{"_id":{"$oid":"5d3dd53ea5c911fddeb97628"},"id":"1155453325573349377","created_at":"Sun Jul 28 12:21:54 +0000 2019","text":"RT @F1: ONE HOUR TO GO \n\nLights out in an hour at Hockenheim, and a quick update on the shape of the grid\n\n@LandoNorris will be starting on…","source":"<a href=\"http://twitter.com/download/iphone\" rel=\"nofollow\">Twitter for iPhone</a>","user":{"id":"516464106","name":"Lando Norris","screen_name":"LandoNorris","location":"United Kingdom","verified":true,"followers_count":{"$numberInt":"178481"},"statuses_count":{"$numberInt":"4897"}},"coordinates":null,"retweet":{"created_at":"Sun Jul 28 12:14:47 +0000 2019","id":"1155451531619164160","text":"ONE HOUR TO GO \n\nLights out in an hour at Hockenheim, and a quick update on the shape of the grid\n\n@LandoNorris will be starting on the back row, alongside Sebastian Vettel \n\n#F1 #GermanGP 🇩🇪 https://t.co/iBZNnW8t4T","user":{"name":"Formula 1","screen_name":"F1","location":"Great Britain","verified":true,"followers_count":{"$numberInt":"4057778"},"statuses_count":{"$numberInt":"49495"}}}}
{"_id":{"$oid":"5d3dd56ea5c911fddeb981b8"},"id":"1155456341986762754","created_at":"Sun Jul 28 12:33:53 +0000 2019","text":"RT @HaasF1Team: First wet running of 2019 coming up. \n\nGetting excited for the #GermanGP! https://t.co/7HvMSFxBjO","source":"<a href=\"http://twitter.com/download/iphone\" rel=\"nofollow\">Twitter for iPhone</a>","user":{"id":"68674747","name":"Romain Grosjean","screen_name":"RGrosjean","location":"All around the World !","verified":true,"followers_count":{"$numberInt":"838964"},"statuses_count":{"$numberInt":"4869"}},"coordinates":null,"retweet":{"created_at":"Sun Jul 28 12:28:46 +0000 2019","id":"1155455053534302208","text":"First wet running of 2019 coming up. \n\nGetting excited for the #GermanGP! https://t.co/7HvMSFxBjO","user":{"name":"Haas F1 Team","screen_name":"HaasF1Team","location":"Kannapolis, NC","verified":true,"followers_count":{"$numberInt":"318724"},"statuses_count":{"$numberInt":"16289"}}}}
{"_id":{"$oid":"5d3dd699a5c911fddeb9cccb"},"id":"1155466308793831424","created_at":"Sun Jul 28 13:13:30 +0000 2019","text":"RT @HaasF1Team: Both cars starting out on the wet tires for the first time this year. 🌧🌧\n\n#HaasF1 #GermanGP https://t.co/78E7XiPyf8","source":"<a href=\"http://twitter.com/download/iphone\" rel=\"nofollow\">Twitter for iPhone</a>","user":{"id":"68674747","name":"Romain Grosjean","screen_name":"RGrosjean","location":"All around the World !","verified":true,"followers_count":{"$numberInt":"838978"},"statuses_count":{"$numberInt":"4870"}},"coordinates":null,"retweet":{"created_at":"Sun Jul 28 13:12:17 +0000 2019","id":"1155466005814140928","text":"Both cars starting out on the wet tires for the first time this year. 🌧🌧\n\n#HaasF1 #GermanGP https://t.co/78E7XiPyf8","user":{"name":"Haas F1 Team","screen_name":"HaasF1Team","location":"Kannapolis, NC","verified":true,"followers_count":{"$numberInt":"318747"},"statuses_count":{"$numberInt":"16294"}}}}
{"_id":{"$oid":"5d3dd699a5c911fddeb9cd5e"},"id":"1155466361231032322","created_at":"Sun Jul 28 13:13:42 +0000 2019","text":"RT @HaasF1Team: Formation laps for the #GermanGP will be behind the safety car. \n\n#HaasF1 #GermanGP","source":"<a href=\"http://twitter.com/download/iphone\" rel=\"nofollow\">Twitter for iPhone</a>","user":{"id":"68674747","name":"Romain Grosjean","screen_name":"RGrosjean","location":"All around the World !","verified":true,"followers_count":{"$numberInt":"838978"},"statuses_count":{"$numberInt":"4870"}},"coordinates":null,"retweet":{"created_at":"Sun Jul 28 13:08:46 +0000 2019","id":"1155465120484601856","text":"Formation laps for the #GermanGP will be behind the safety car. \n\n#HaasF1 #GermanGP","user":{"name":"Haas F1 Team","screen_name":"HaasF1Team","location":"Kannapolis, NC","verified":true,"followers_count":{"$numberInt":"318747"},"statuses_count":{"$numberInt":"16294"}}}}
{"_id":{"$oid":"5d3dd737a5c911fddeba1b7a"},"id":"1155471752086134785","created_at":"Sun Jul 28 13:35:07 +0000 2019","text":"RT @HaasF1Team: Lap 7/64: A few changes of position after the restart:\n\nP6 @KevinMagnussen (wets)\nP15 @RGrosjean (inters)\n\n#HaasF1 #GermanGP","source":"<a href=\"http://twitter.com/download/iphone\" rel=\"nofollow\">Twitter for iPhone</a>","user":{"id":"68674747","name":"Romain Grosjean","screen_name":"RGrosjean","location":"All around the World !","verified":true,"followers_count":{"$numberInt":"838986"},"statuses_count":{"$numberInt":"4871"}},"coordinates":null,"retweet":{"created_at":"Sun Jul 28 13:31:39 +0000 2019","id":"1155470877309452288","text":"Lap 7/64: A few changes of position after the restart:\n\nP6 @KevinMagnussen (wets)\nP15 @RGrosjean (inters)\n\n#HaasF1 #GermanGP","user":{"name":"Haas F1 Team","screen_name":"HaasF1Team","location":"Kannapolis, NC","verified":true,"followers_count":{"$numberInt":"318775"},"statuses_count":{"$numberInt":"16300"}}}}
{"_id":{"$oid":"5d3dd79ea5c911fddeba50ab"},"id":"1155476576861073409","created_at":"Sun Jul 28 13:54:18 +0000 2019","text":"RT @HaasF1Team: Lap 17/64: DRS has now been enabled. Current positions are: \n\nP11 GRO\nP15 MAG\n\n#HaasF1 #GermanGP","source":"<a href=\"http://twitter.com/download/iphone\" rel=\"nofollow\">Twitter for iPhone</a>","user":{"id":"68674747","name":"Romain Grosjean","screen_name":"RGrosjean","location":"All around the World !","verified":true,"followers_count":{"$numberInt":"838988"},"statuses_count":{"$numberInt":"4872"}},"coordinates":null,"retweet":{"created_at":"Sun Jul 28 13:47:25 +0000 2019","id":"1155474845897019392","text":"Lap 17/64: DRS has now been enabled. Current positions are: \n\nP11 GRO\nP15 MAG\n\n#HaasF1 #GermanGP","user":{"name":"Haas F1 Team","screen_name":"HaasF1Team","location":"Kannapolis, NC","verified":true,"followers_count":{"$numberInt":"318796"},"statuses_count":{"$numberInt":"16303"}}}}
{"_id":{"$oid":"5d3dd7f6a5c911fddeba6d50"},"id":"1155479285240647680","created_at":"Sun Jul 28 14:05:04 +0000 2019","text":"RT @HaasF1Team: Lap 26/64: @RGrosjean is now switching onto slicks. He’s taking on a set of red softs as well. He returns in P12. Kev is P1…","source":"<a href=\"http://twitter.com/download/iphone\" rel=\"nofollow\">Twitter for iPhone</a>","user":{"id":"68674747","name":"Romain Grosjean","screen_name":"RGrosjean","location":"All around the World !","verified":true,"followers_count":{"$numberInt":"838994"},"statuses_count":{"$numberInt":"4873"}},"coordinates":null,"retweet":{"created_at":"Sun Jul 28 14:03:42 +0000 2019","id":"1155478942779891713","text":"Lap 26/64: @RGrosjean is now switching onto slicks. He’s taking on a set of red softs as well. He returns in P12. Kev is P14. \n\n#HaasF1 #GermanGP https://t.co/X6I9yatguK","user":{"name":"Haas F1 Team","screen_name":"HaasF1Team","location":"Kannapolis, NC","verified":true,"followers_count":{"$numberInt":"318813"},"statuses_count":{"$numberInt":"16308"}}}}
{"_id":{"$oid":"5d3dda7ea5c911fddebac8e4"},"id":"1155481906399666176","created_at":"Sun Jul 28 14:15:28 +0000 2019","text":"RT @HaasF1Team: Lap 29/64: Romain is back in to put a set of intermediates back on. \n\n#HaasF1 #GermanGP https://t.co/WuWSgYqLgT","source":"<a href=\"http://twitter.com/download/iphone\" rel=\"nofollow\">Twitter for iPhone</a>","user":{"id":"68674747","name":"Romain Grosjean","screen_name":"RGrosjean","location":"All around the World !","verified":true,"followers_count":{"$numberInt":"838993"},"statuses_count":{"$numberInt":"4874"}},"coordinates":null,"retweet":{"created_at":"Sun Jul 28 14:08:27 +0000 2019","id":"1155480137032486913","text":"Lap 29/64: Romain is back in to put a set of intermediates back on. \n\n#HaasF1 #GermanGP https://t.co/WuWSgYqLgT","user":{"name":"Haas F1 Team","screen_name":"HaasF1Team","location":"Kannapolis, NC","verified":true,"followers_count":{"$numberInt":"318820"},"statuses_count":{"$numberInt":"16312"}}}}
{"_id":{"$oid":"5d3dda8ba5c911fddebacfaa"},"id":"1155482128152518656","created_at":"Sun Jul 28 14:16:21 +0000 2019","text":"Unbelievable, Jeff #GermanGP","source":"<a href=\"http://twitter.com/download/iphone\" rel=\"nofollow\">Twitter for iPhone</a>","user":{"id":"516464106","name":"Lando Norris","screen_name":"LandoNorris","location":"United Kingdom","verified":true,"followers_count":{"$numberInt":"178655"},"statuses_count":{"$numberInt":"4897"}},"coordinates":null,"retweet":false}
{"_id":{"$oid":"5d3ddb34a5c911fddebb128c"},"id":"1155485299352440832","created_at":"Sun Jul 28 14:28:57 +0000 2019","text":"RT @HaasF1Team: Lap 40/64: Not too much change in the running order or the weather; it’s still drizzling. \n\nWe’re P12 GRO, P13 MAG. \n\n#Haas…","source":"<a href=\"http://twitter.com/download/iphone\" rel=\"nofollow\">Twitter for iPhone</a>","user":{"id":"68674747","name":"Romain Grosjean","screen_name":"RGrosjean","location":"All around the World !","verified":true,"followers_count":{"$numberInt":"839007"},"statuses_count":{"$numberInt":"4875"}},"coordinates":null,"retweet":{"created_at":"Sun Jul 28 14:25:54 +0000 2019","id":"1155484530624647169","text":"Lap 40/64: Not too much change in the running order or the weather; it’s still drizzling. \n\nWe’re P12 GRO, P13 MAG. \n\n#HaasF1 #GermanGP https://t.co/xoquWefoyI","user":{"name":"Haas F1 Team","screen_name":"HaasF1Team","location":"Kannapolis, NC","verified":true,"followers_count":{"$numberInt":"318838"},"statuses_count":{"$numberInt":"16314"}}}}
{"_id":{"$oid":"5d3ddb4aa5c911fddebb3293"},"id":"1155486629949267970","created_at":"Sun Jul 28 14:34:15 +0000 2019","text":"RT @HaasF1Team: Lap 41/64: Romain comes in for his fourth pit stop to switch onto another set of inters. \n\n#HaasF1 #GermanGP https://t.co/o…","source":"<a href=\"http://twitter.com/download/iphone\" rel=\"nofollow\">Twitter for iPhone</a>","user":{"id":"68674747","name":"Romain Grosjean","screen_name":"RGrosjean","location":"All around the World !","verified":true,"followers_count":{"$numberInt":"839009"},"statuses_count":{"$numberInt":"4876"}},"coordinates":null,"retweet":{"created_at":"Sun Jul 28 14:31:22 +0000 2019","id":"1155485905945321472","text":"Lap 41/64: Romain comes in for his fourth pit stop to switch onto another set of inters. \n\n#HaasF1 #GermanGP https://t.co/oPhU5oy7OG","user":{"name":"Haas F1 Team","screen_name":"HaasF1Team","location":"Kannapolis, NC","verified":true,"followers_count":{"$numberInt":"318842"},"statuses_count":{"$numberInt":"16317"}}}}
{"_id":{"$oid":"5d3ddba6a5c911fddebb5dce"},"id":"1155488819107586050","created_at":"Sun Jul 28 14:42:57 +0000 2019","text":"https://t.co/K6hRn9JjiE","source":"<a href=\"http://twitter.com/download/iphone\" rel=\"nofollow\">Twitter for iPhone</a>","user":{"id":"516464106","name":"Lando Norris","screen_name":"LandoNorris","location":"United Kingdom","verified":true,"followers_count":{"$numberInt":"178906"},"statuses_count":{"$numberInt":"4898"}},"coordinates":null,"retweet":false}
{"_id":{"$oid":"5d3ddd2aa5c911fddebbff8a"},"id":"1155493828499070976","created_at":"Sun Jul 28 15:02:51 +0000 2019","text":"RT @HaasF1Team: Lap 59/64: We’re racing yet again!\n\nRe-starting this race: P9 GRO &amp; P11 MAG. \n\n#HaasF1 #GermanGP https://t.co/vnQvn84SqO","source":"<a href=\"http://twitter.com/download/iphone\" rel=\"nofollow\">Twitter for iPhone</a>","user":{"id":"68674747","name":"Romain Grosjean","screen_name":"RGrosjean","location":"All around the World !","verified":true,"followers_count":{"$numberInt":"839029"},"statuses_count":{"$numberInt":"4877"}},"coordinates":null,"retweet":{"created_at":"Sun Jul 28 14:59:03 +0000 2019","id":"1155492874307473409","text":"Lap 59/64: We’re racing yet again!\n\nRe-starting this race: P9 GRO &amp; P11 MAG. \n\n#HaasF1 #GermanGP https://t.co/vnQvn84SqO","user":{"name":"Haas F1 Team","screen_name":"HaasF1Team","location":"Kannapolis, NC","verified":true,"followers_count":{"$numberInt":"318870"},"statuses_count":{"$numberInt":"16325"}}}}
{"_id":{"$oid":"5d3ddd58a5c911fddebc250a"},"id":"1155494707675484160","created_at":"Sun Jul 28 15:06:21 +0000 2019","text":"RT @HaasF1Team: 🏁🇩🇪 Checkered flag in Germany! It’s our second double points score of the season! 💪\n\nWe come home:\nP9 GRO (2pts)\nP10 MAG (1…","source":"<a href=\"http://twitter.com/download/iphone\" rel=\"nofollow\">Twitter for iPhone</a>","user":{"id":"68674747","name":"Romain Grosjean","screen_name":"RGrosjean","location":"All around the World !","verified":true,"followers_count":{"$numberInt":"839030"},"statuses_count":{"$numberInt":"4878"}},"coordinates":null,"retweet":{"created_at":"Sun Jul 28 15:05:48 +0000 2019","id":"1155494571662630917","text":"🏁🇩🇪 Checkered flag in Germany! It’s our second double points score of the season! 💪\n\nWe come home:\nP9 GRO (2pts)\nP10 MAG (1pt)\n\n#HaasF1 #GermanGP https://t.co/lrksCZRnh2","user":{"name":"Haas F1 Team","screen_name":"HaasF1Team","location":"Kannapolis, NC","verified":true,"followers_count":{"$numberInt":"318877"},"statuses_count":{"$numberInt":"16327"}}}}
{"_id":{"$oid":"5d3de1eba5c911fddebd6865"},"id":"1155504518907514881","created_at":"Sun Jul 28 15:45:20 +0000 2019","text":"Dopo Silverstone altro che pioggia, oggi sarei andato a punti anche con un uragano🌪💪\n.\nAfterhours Silverstone no matter the rain, not even a tornado would have stopped me from getting points🌪💪\n#AG99🐝 #GermanGP 🇩🇪 #Formula1 https://t.co/POoozgYbY8","source":"<a href=\"https://mobile.twitter.com\" rel=\"nofollow\">Twitter Web App</a>","user":{"id":"971608718","name":"Antonio Giovinazzi","screen_name":"Anto_Giovinazzi","location":"Monaco","verified":false,"followers_count":{"$numberInt":"54899"},"statuses_count":{"$numberInt":"2201"}},"coordinates":null,"retweet":false}
{"_id":{"$oid":"5d3de313a5c911fddebda2e6"},"id":"1155508837404860418","created_at":"Sun Jul 28 16:02:29 +0000 2019","text":"WHAT A RACE! P5 is a great effort. Good job from the team on a stressful day. I obviously wanted the podium, but to pit for slicks was a very tough call given our good track position. We'll keep pushing.\n#carlo55ainz #GermanGP\n@McLarenF1 @EG00 https://t.co/p4qAHibpBX","source":"<a href=\"https://mobile.twitter.com\" rel=\"nofollow\">Twitter Web App</a>","user":{"id":"353786894","name":"Carlos Sainz","screen_name":"Carlossainz55","location":"planet earth","verified":true,"followers_count":{"$numberInt":"453558"},"statuses_count":{"$numberInt":"7346"}},"coordinates":null,"retweet":false}
{"_id":{"$oid":"5d3de31aa5c911fddebda538"},"id":"1155509032167366656","created_at":"Sun Jul 28 16:03:16 +0000 2019","text":"CARRERÓN! P5 es resultado serio. Gran trabajo de todo el equipo en un día estresante. Claro que quería el podio, pero era demasiado arriesgado poner neumáticos de seco porque estábamos en una posición muy buena. Lo seguiremos dando todo!!\n#carlo55ainz #GermanGP\n@McLarenF1 @EG00 https://t.co/YNXC3ZJw9e","source":"<a href=\"https://mobile.twitter.com\" rel=\"nofollow\">Twitter Web App</a>","user":{"id":"353786894","name":"Carlos Sainz","screen_name":"Carlossainz55","location":"planet earth","verified":true,"followers_count":{"$numberInt":"453561"},"statuses_count":{"$numberInt":"7347"}},"coordinates":null,"retweet":false}
{"_id":{"$oid":"5d3de40ca5c911fddebdebb5"},"id":"1155516346651881472","created_at":"Sun Jul 28 16:32:20 +0000 2019","text":"My mistake. A very good race until then. But 1 mistake is enough. I'm sorry for the team and the fans, I'll come back stronger. \n📸: @KymIllman https://t.co/KZmfoDbNoT","source":"<a href=\"http://twitter.com/download/iphone\" rel=\"nofollow\">Twitter for iPhone</a>","user":{"id":"262230432","name":"Charles Leclerc","screen_name":"Charles_Leclerc","location":"Monaco","verified":true,"followers_count":{"$numberInt":"278084"},"statuses_count":{"$numberInt":"1585"}},"coordinates":null,"retweet":false}
{"_id":{"$oid":"5d3de457a5c911fddebe072b"},"id":"1155519624856952837","created_at":"Sun Jul 28 16:45:21 +0000 2019","text":"Just an amazing win! It was all about not making too many mistakes in these really tricky conditions. Big thanks to @redbullracing and @HondaRacingF1 for the right strategy and great car. Very happy! 👊🏻 #KeepPushing #GermanGP 🇩🇪 https://t.co/N38G7mJyqi","source":"<a href=\"https://mobile.twitter.com\" rel=\"nofollow\">Twitter Web App</a>","user":{"id":"556260847","name":"Max Verstappen","screen_name":"Max33Verstappen","location":"little bit of everywhere ","verified":true,"followers_count":{"$numberInt":"1001716"},"statuses_count":{"$numberInt":"1581"}},"coordinates":null,"retweet":false}
{"_id":{"$oid":"5d3de46ba5c911fddebe128f"},"id":"1155520963154288640","created_at":"Sun Jul 28 16:50:40 +0000 2019","text":"My mistake. I’m sorry for my great team @RacingPointF1 ! We’ll come back stronger! Well done to Lance for a great result for us! https://t.co/ogpzop6IwJ","source":"<a href=\"http://twitter.com/download/iphone\" rel=\"nofollow\">Twitter for iPhone</a>","user":{"id":"78502161","name":"Sergio Pérez","screen_name":"SChecoPerez","location":null,"verified":true,"followers_count":{"$numberInt":"2076371"},"statuses_count":{"$numberInt":"3719"}},"coordinates":null,"retweet":false}
